cohort_id,cohort_code,start_date,start_date_extracted,end_date,end_date_extracted,size
Cohort#,B456514,1.68E+12,03-04-2023,1.68E+12,01-05-2023,1500
Cohort#,B328821,1.67E+12,16-01-2023,1.68E+12,20-02-2023,1000
Cohort#,B289256,1.67E+12,14-11-2022,1.67E+12,15-12-2022,100000
Cohort#,B0VCB0F,1.66E+12,22-09-2022,1.66E+12,22-09-2022,40
Cohort#,B908347,1.67E+12,09-01-2023,1.68E+12,13-02-2023,100000
Cohort#,B306047,1.67E+12,09-01-2023,1.68E+12,13-02-2023,10000
Cohort#,B883644,1.66E+12,01-07-2022,1.66E+12,31-07-2022,1500
Cohort#,B280844,1.67E+12,14-11-2022,1.67E+12,15-12-2022,100000
Cohort#,B466039,1.66E+12,03-10-2022,1.67E+12,03-11-2022,100000
Cohort#,B606140,1.67E+12,09-01-2023,1.68E+12,13-02-2023,10000
Cohort#,B759124,1.67E+12,10-10-2022,1.67E+12,15-11-2022,1500
Cohort#,B304681,1.66E+12,03-10-2022,1.67E+12,03-11-2022,100000
Cohort#,B809432,1.66E+12,15-07-2022,1.66E+12,15-07-2022,143
Cohort#,B495792,1.66E+12,15-07-2022,1.66E+12,15-07-2022,1771
Cohort#,B825986,1.68E+12,03-04-2023,1.68E+12,01-05-2023,1500
Cohort#,B561611,1.68E+12,03-04-2023,1.68E+12,01-05-2023,1500
Cohort#,B844465,1.67E+12,09-01-2023,1.68E+12,13-02-2023,100000
Cohort#,B888584,1.68E+12,31-01-2023,1.68E+12,05-03-2023,1500
Cohort#,B688987,1.67E+12,10-10-2022,1.67E+12,15-11-2022,1500
Cohort#,B353436,1.68E+12,07-03-2023,1.68E+12,04-04-2023,1500
Cohort#,B821192,1.66E+12,01-07-2022,1.66E+12,31-07-2022,1000
Cohort#,B988921,1.67E+12,09-01-2023,1.68E+12,13-02-2023,100000
Cohort#,B689052,1.66E+12,01-07-2022,1.66E+12,31-07-2022,1500
Cohort#,B143218,1.67E+12,05-01-2023,1.77E+12,05-01-2026,500
Cohort#,B399823,1.65E+12,10-06-2022,1.66E+12,13-06-2022,11
Cohort#,B222554,1.67E+12,07-11-2022,1.67E+12,12-12-2022,1500
Cohort#,B488218,1.66E+12,01-07-2022,1.66E+12,31-07-2022,1500
Cohort#,B155364,1.67E+12,17-10-2022,1.67E+12,17-11-2022,100000
Cohort#,B701678,1.66E+12,16-09-2022,1.66E+12,16-09-2022,50
Cohort#,B637075,1.66E+12,15-07-2022,1.66E+12,15-07-2022,999
Cohort#,B495920,1.66E+12,02-09-2022,1.67E+12,08-10-2022,1500
Cohort#,B880483,1.66E+12,08-09-2022,1.66E+12,08-09-2022,40
Cohort#,B993126,1.67E+12,09-01-2023,1.68E+12,13-02-2023,100000
Cohort#,B322726,1.65E+12,09-06-2022,1.65E+12,10-06-2022,10
Cohort#,B506731,1.67E+12,16-01-2023,1.68E+12,20-02-2023,10000
Cohort#,B494001,1.67E+12,23-10-2022,1.67E+12,23-10-2022,60
Cohort#,B260744,1.66E+12,02-09-2022,1.66E+12,02-10-2022,500
Cohort#,B975943,1.66E+12,02-09-2022,1.67E+12,08-10-2022,1500
Cohort#,B357536,1.67E+12,05-01-2023,1.67E+12,05-01-2023,100000
Cohort#,BSGY1WA,1.74E+12,13-01-2025,1.74E+12,11-02-2025,800
Cohort#,B663194,1.67E+12,07-11-2022,1.67E+12,12-12-2022,1500
Cohort#,B389672,1.67E+12,07-10-2022,1.67E+12,07-12-2022,30
Cohort#,B374218,1.67E+12,09-01-2023,1.68E+12,13-02-2023,10000
Cohort#,B172386,1.68E+12,31-01-2023,1.68E+12,05-03-2023,1500
Cohort#,B167540,1.67E+12,07-11-2022,1.67E+12,12-12-2022,1500
Cohort#,B251425,1.66E+12,02-09-2022,1.67E+12,08-10-2022,1500
Cohort#,B390810,1.67E+12,17-10-2022,1.67E+12,17-11-2022,100000
Cohort#,B938139,1.66E+12,01-07-2022,1.66E+12,31-07-2022,1500
Cohort#,B834323,1.67E+12,09-01-2023,1.68E+12,13-02-2023,100000
Cohort#,B990673,1.67E+12,14-11-2022,1.67E+12,15-12-2022,100000
Cohort#,B604365,1.68E+12,31-01-2023,1.68E+12,05-03-2023,1500
Cohort#,B270433,1.68E+12,07-03-2023,1.68E+12,04-04-2023,1500
Cohort#,B886949,1.68E+12,03-04-2023,1.68E+12,01-05-2023,1500
Cohort#,B356530,1.68E+12,07-03-2023,1.68E+12,04-04-2023,1500
Cohort#,B270308,1.66E+12,01-07-2022,1.66E+12,31-07-2022,1000
Cohort#,B848143,1.66E+12,15-07-2022,1.66E+12,15-07-2022,155
Cohort#,B654176,1.67E+12,09-01-2023,1.68E+12,13-02-2023,10000
Cohort#,B826127,1.66E+12,03-10-2022,1.67E+12,03-11-2022,100000
Cohort#,B440314,1.67E+12,15-10-2022,1.67E+12,15-10-2022,60
Cohort#,B468843,1.67E+12,07-11-2022,1.67E+12,12-12-2022,1500
Cohort#,B253018,1.67E+12,16-01-2023,1.68E+12,20-02-2023,10000
Cohort#,BCDLZQX,1.74E+12,15-01-2025,1.74E+12,06-02-2025,950
Cohort#,B145743,1.67E+12,10-10-2022,1.67E+12,15-11-2022,1500
Cohort#,B782702,1.67E+12,10-10-2022,1.67E+12,15-11-2022,1500
Cohort#,B368825,1.67E+12,18-11-2022,1.67E+12,18-11-2022,100
Cohort#,B509171,1.67E+12,17-10-2022,1.67E+12,17-11-2022,100000
Cohort#,B418027,1.68E+12,31-01-2023,1.68E+12,05-03-2023,1500
Cohort#,B195186,1.66E+12,15-07-2022,1.66E+12,15-07-2022,199
Cohort#,B334245,1.66E+12,29-08-2022,1.70E+12,30-12-2023,2500
Cohort#,B812810,1.67E+12,17-10-2022,1.67E+12,17-11-2022,100000
Cohort#,B210167,1.67E+12,16-01-2023,1.68E+12,20-02-2023,10000
Cohort#,B329270,1.66E+12,20-07-2022,1.66E+12,20-07-2022,100
Cohort#,B840650,1.67E+12,14-11-2022,1.67E+12,15-12-2022,100000
Cohort#,B390753,1.67E+12,09-01-2023,1.68E+12,13-02-2023,100000
Cohort#,B283428,1.68E+12,31-01-2023,1.68E+12,05-03-2023,1500
Cohort#,B986905,1.67E+12,03-11-2022,1.71E+12,31-03-2024,1504
Cohort#,B651289,1.67E+12,17-10-2022,1.67E+12,17-11-2022,100000
Cohort#,B573705,1.67E+12,05-12-2022,1.67E+12,16-01-2023,100000
Cohort#,B284238,1.68E+12,07-03-2023,1.68E+12,04-04-2023,1500
Cohort#,B648724,1.66E+12,15-07-2022,1.66E+12,15-07-2022,999
Cohort#,B341571,1.68E+12,03-04-2023,1.68E+12,01-05-2023,1500
Cohort#,B769162,1.66E+12,02-09-2022,1.67E+12,08-10-2022,1500
Cohort#,B783034,1.67E+12,14-11-2022,1.67E+12,15-12-2022,100000
Cohort#,B997399,1.67E+12,09-01-2023,1.68E+12,13-02-2023,100000
Cohort#,B552375,1.67E+12,09-01-2023,1.68E+12,13-02-2023,10000
Cohort#,B361494,1.67E+12,07-11-2022,1.67E+12,12-12-2022,1500
Cohort#,B308772,1.68E+12,07-03-2023,1.68E+12,04-04-2023,1500
Cohort#,B514168,1.67E+12,09-01-2023,1.68E+12,13-02-2023,100000
Cohort#,B782342,1.67E+12,16-01-2023,1.68E+12,20-02-2023,10000
Cohort#,B176092,1.66E+12,13-06-2022,1.66E+12,13-07-2022,100
Cohort#,B368282,1.67E+12,10-10-2022,1.67E+12,15-11-2022,1500
Cohort#,B447090,1.67E+12,10-11-2022,1.67E+12,10-11-2022,100
Cohort#,B128284,1.66E+12,02-09-2022,1.67E+12,08-10-2022,1500
Cohort#,B264641,1.66E+12,03-10-2022,1.67E+12,03-11-2022,100000
Cohort#,B901534,1.66E+12,03-10-2022,1.67E+12,03-11-2022,100000
Cohort#,B849636,1.67E+12,05-01-2023,1.68E+12,01-03-2023,100000
Cohort#,B420064,1.67E+12,10-10-2022,1.67E+12,15-11-2022,1500
Cohort#,B310733,1.67E+12,07-11-2022,1.67E+12,12-12-2022,1500
Cohort#,B102570,1.68E+12,07-03-2023,1.68E+12,04-04-2023,1500
Cohort#,B566990,1.68E+12,03-04-2023,1.68E+12,01-05-2023,1500
Cohort#,B975332,1.67E+12,05-01-2023,1.67E+12,05-01-2023,64
Cohort#,B656871,1.68E+12,31-01-2023,1.68E+12,05-03-2023,1500
Cohort#,B235707,1.66E+12,02-09-2022,1.67E+12,08-10-2022,1500
Cohort#,B780948,1.67E+12,28-10-2022,1.67E+12,28-10-2022,100000
Cohort#,B598013,1.67E+12,09-01-2023,1.68E+12,13-02-2023,100000
Cohort#,B7HF2SU,1.73E+12,02-12-2024,1.74E+12,31-12-2024,800
Cohort#,B570DHJ,1.72E+12,30-06-2024,1.72E+12,30-07-2024,800
Cohort#,BZR9AJA,1.72E+12,09-05-2024,1.72E+12,15-07-2024,1500
Cohort#,BWQ9C7C,1.72E+12,05-08-2024,1.73E+12,04-09-2024,800
Cohort#,BAM6HBR,1.68E+12,20-03-2023,1.72E+12,30-06-2024,1800
Cohort#,BTBP8DL,1.73E+12,14-10-2024,1.73E+12,14-11-2024,1600
Cohort#,BGRQZ2N,1.72E+12,27-05-2024,1.77E+12,09-02-2026,1780
Cohort#,BDM3WQQ,1.71E+12,03-03-2024,1.71E+12,02-04-2024,800
Cohort#,BPPMQ44,1.69E+12,07-08-2023,1.69E+12,11-09-2023,10000
Cohort#,B964196,1.68E+12,03-04-2023,1.68E+12,01-05-2023,1500
Cohort#,BGAA4R6,1.68E+12,01-05-2023,1.69E+12,30-05-2023,300
Cohort#,B8P8093,1.72E+12,02-06-2024,1.72E+12,02-07-2024,800
Cohort#,BX9VDU1,1.73E+12,23-09-2024,1.73E+12,22-10-2024,1600
Cohort#,BZCKOX4,1.71E+12,03-03-2024,1.71E+12,02-04-2024,800
Cohort#,B9FU29Y,1.73E+12,13-09-2024,1.73E+12,27-09-2024,1600
Cohort#,BULL239,1.71E+12,07-04-2024,1.72E+12,07-05-2024,500
Cohort#,BXCEI2Q,1.69E+12,28-08-2023,1.70E+12,01-10-2023,1000
Cohort#,BWRXV4Z,1.70E+12,04-12-2023,1.70E+12,08-01-2024,216
Cohort#,BMB7W8P,1.69E+12,16-06-2023,1.70E+12,31-12-2023,1000
Cohort#,BTNDYST,1.74E+12,27-12-2024,1.74E+12,19-01-2025,1500
Cohort#,BOP8KDY,1.71E+12,18-03-2024,1.71E+12,16-04-2024,800
Cohort#,B7FTJOZ,1.69E+12,16-08-2023,1.69E+12,25-08-2023,200
Cohort#,BPTM9TL,1.71E+12,03-03-2024,1.71E+12,02-04-2024,800
Cohort#,BZM769W,1.73E+12,01-11-2024,1.77E+12,31-12-2025,1000
Cohort#,BW0A3UD,1.72E+12,16-06-2024,1.72E+12,16-07-2024,800
Cohort#,BKCDFG7,1.72E+12,30-06-2024,1.72E+12,30-07-2024,800
Cohort#,BGW5VEN,1.72E+12,31-07-2024,1.73E+12,31-08-2024,500
Cohort#,B6QHKJ0,1.73E+12,11-11-2024,1.74E+12,23-02-2025,1600
Cohort#,BWRWWDE,1.70E+12,08-01-2024,1.71E+12,05-02-2024,1000
Cohort#,BKQ872R,1.73E+12,07-10-2024,1.73E+12,07-11-2024,800
Cohort#,B6XIIFV,1.72E+12,18-08-2024,1.73E+12,18-09-2024,1500
Cohort#,BS83JB6,1.69E+12,10-07-2023,1.69E+12,14-08-2023,300
Cohort#,BBV9SY2,1.74E+12,17-01-2025,1.74E+12,31-01-2025,500
Cohort#,B5D9R2M,1.74E+12,28-01-2025,1.74E+12,30-01-2025,3
Cohort#,BIA6FGR,1.73E+12,07-10-2024,1.73E+12,07-11-2024,800
Cohort#,B26TXO4,1.68E+12,25-05-2023,1.69E+12,30-06-2023,300
Cohort#,BKQMVH4,1.70E+12,06-11-2023,1.70E+12,11-12-2023,200
Cohort#,BGFN3JO,1.73E+12,02-09-2024,1.73E+12,01-10-2024,800
Cohort#,BFRBJEE,1.70E+12,16-10-2023,1.70E+12,22-10-2023,30
Cohort#,BTB0RZT,1.69E+12,12-06-2023,1.69E+12,17-07-2023,300
Cohort#,BL17F08,1.73E+12,29-11-2024,1.73E+12,15-12-2024,1600
Cohort#,BC9A1OB,1.70E+12,08-01-2024,1.71E+12,11-02-2024,1000
Cohort#,B116753,1.68E+12,13-03-2023,1.68E+12,17-04-2023,200
Cohort#,B0X4DLO,1.71E+12,18-02-2024,1.71E+12,19-03-2024,800
Cohort#,BYEJQBW,1.71E+12,15-04-2024,1.72E+12,14-05-2024,500
Cohort#,BD82EFD,1.72E+12,05-08-2024,1.73E+12,04-09-2024,800
Cohort#,B9NCWXY,1.71E+12,02-04-2024,1.71E+12,02-05-2024,100
Cohort#,BSX5HX3,1.73E+12,13-10-2024,1.73E+12,12-11-2024,1600
Cohort#,BWKZOGI,1.68E+12,22-03-2023,1.71E+12,22-03-2024,200
Cohort#,BAPXRMZ,1.72E+12,05-08-2024,1.73E+12,04-09-2024,800
Cohort#,BZSHIP4,1.71E+12,18-02-2024,1.71E+12,19-03-2024,800
Cohort#,B8G5RSP,1.70E+12,04-12-2023,1.70E+12,08-01-2024,211
Cohort#,BCXC21V,1.73E+12,04-11-2024,1.73E+12,03-12-2024,800
Cohort#,BSHACJG,1.72E+12,11-07-2024,1.72E+12,31-07-2024,100
Cohort#,B56C24G,1.73E+12,07-10-2024,1.73E+12,07-11-2024,800
Cohort#,BL74Y6G,1.72E+12,05-08-2024,1.72E+12,13-08-2024,300
Cohort#,B153024,1.68E+12,31-01-2023,1.68E+12,05-03-2023,1500
Cohort#,BM599CC,1.72E+12,05-08-2024,1.73E+12,04-09-2024,800
Cohort#,BO5B6A5,1.71E+12,03-03-2024,1.71E+12,02-04-2024,800
Cohort#,BSJZJCF,1.69E+12,19-06-2023,1.69E+12,17-07-2023,300
Cohort#,B0GMG1X,1.73E+12,27-11-2024,1.73E+12,11-12-2024,500
Cohort#,BN62VJ3,1.68E+12,27-03-2023,1.68E+12,01-05-2023,200
Cohort#,BWQTGTV,1.71E+12,04-02-2024,1.71E+12,05-03-2024,800
Cohort#,BRXGN84,1.73E+12,02-09-2024,1.73E+12,01-10-2024,800
Cohort#,BOXXJD4,1.74E+12,22-02-2025,1.75E+12,27-04-2025,1200
Cohort#,BUUPEAO,1.73E+12,07-10-2024,1.73E+12,07-11-2024,800
Cohort#,BJR1L8X,1.69E+12,04-09-2023,1.70E+12,08-10-2023,100000
Cohort#,BBL001D,1.73E+12,27-09-2024,1.73E+12,11-10-2024,1600
Cohort#,BYT6K43,1.71E+12,18-03-2024,1.71E+12,16-04-2024,800
Cohort#,B9CQ46V,1.69E+12,19-06-2023,1.69E+12,30-07-2023,300
Cohort#,BW39LFS,1.68E+12,22-03-2023,1.68E+12,07-04-2023,30
Cohort#,B6ZTRTR,1.72E+12,25-06-2024,1.72E+12,10-07-2024,250
Cohort#,BQXP7YJ,1.73E+12,04-11-2024,1.73E+12,03-12-2024,800
Cohort#,B4AMRWH,1.71E+12,07-04-2024,1.72E+12,07-05-2024,499
Cohort#,BGBWW5I,1.73E+12,07-10-2024,1.73E+12,07-11-2024,800
Cohort#,BCI72YB,1.71E+12,18-02-2024,1.71E+12,19-03-2024,800
Cohort#,BRP82YB,1.72E+12,07-06-2024,1.72E+12,07-07-2024,100
Cohort#,BZBACW8,1.69E+12,21-08-2023,1.76E+12,05-12-2025,1000
Cohort#,BOH8SSJ,1.69E+12,30-05-2023,1.69E+12,05-06-2023,200
Cohort#,BRT9C8P,1.69E+12,21-08-2023,1.70E+12,26-09-2023,1000
Cohort#,B511309,1.68E+12,13-03-2023,1.68E+12,17-04-2023,200
Cohort#,BHS6IBB,1.72E+12,05-08-2024,1.73E+12,04-09-2024,800
Cohort#,B78G0ND,1.69E+12,06-06-2023,1.76E+12,05-12-2025,1000
Cohort#,B43E1MB,1.69E+12,21-08-2023,1.70E+12,26-09-2023,1000
Cohort#,B73QELN,1.72E+12,22-07-2024,1.72E+12,02-08-2024,1500
Cohort#,BHOIHR4,1.72E+12,30-06-2024,1.72E+12,30-07-2024,793
Cohort#,B6NFTEM,1.73E+12,07-10-2024,1.73E+12,07-11-2024,800
Cohort#,BJWU6GQ,1.74E+12,13-01-2025,1.74E+12,11-02-2025,800
Cohort#,BN42GTI,1.73E+12,28-10-2024,1.74E+12,29-12-2024,1594
Cohort#,BVKPUET,1.71E+12,05-05-2024,1.72E+12,06-06-2024,100
Cohort#,BLQ6D0B,1.70E+12,04-01-2024,1.73E+12,07-11-2024,800
Cohort#,B5O8J5R,1.71E+12,15-04-2024,1.72E+12,14-05-2024,500
Cohort#,BH9OKIU,1.72E+12,05-08-2024,1.73E+12,04-09-2024,800
Cohort#,BXMTBFM,1.72E+12,04-08-2024,1.73E+12,06-10-2024,1600
Cohort#,BLHWY32,1.72E+12,16-06-2024,1.72E+12,16-07-2024,800
Cohort#,BDR94H4,1.74E+12,09-02-2025,1.74E+12,05-03-2025,1500
Cohort#,BPKHOZG,1.70E+12,04-12-2023,1.70E+12,07-01-2024,1000
Cohort#,BCYHI8A,1.69E+12,19-06-2023,1.69E+12,17-07-2023,300
Cohort#,BSBRBAU,1.70E+12,27-11-2023,1.70E+12,22-12-2023,1000
Cohort#,BS4WI1D,1.72E+12,05-08-2024,1.73E+12,04-09-2024,800
Cohort#,BVISAQY,1.70E+12,08-01-2024,1.71E+12,11-02-2024,1000
Cohort#,B7T2WAZ,1.73E+12,08-12-2024,1.74E+12,01-01-2025,800
Cohort#,BUOXPV8,1.71E+12,15-04-2024,1.72E+12,14-05-2024,500
Cohort#,BRTCVG9,1.69E+12,05-07-2023,1.69E+12,05-08-2023,300
Cohort#,BBK3FW0,1.73E+12,18-12-2024,1.74E+12,10-02-2025,999
Cohort#,BOCDWWO,1.69E+12,26-06-2023,1.69E+12,31-07-2023,300
Cohort#,BVWF7RL,1.71E+12,07-04-2024,1.72E+12,07-05-2024,500
Cohort#,BJJFVR8,1.72E+12,24-05-2024,1.72E+12,28-08-2024,1500
Cohort#,BTSTK06,1.74E+12,05-01-2025,1.74E+12,04-02-2025,800
Cohort#,BONPKMK,1.73E+12,01-11-2024,1.77E+12,31-12-2025,1000
Cohort#,BJ1GJ10,1.69E+12,16-06-2023,1.70E+12,31-12-2023,100
Cohort#,BG2F4M6,1.70E+12,04-12-2023,1.70E+12,07-01-2024,1000
Cohort#,B5MZ9C8,1.72E+12,30-06-2024,1.72E+12,01-08-2024,100
Cohort#,BGW5LZ1,1.71E+12,04-02-2024,1.71E+12,05-03-2024,800
Cohort#,BJ0EZBY,1.73E+12,07-10-2024,1.73E+12,07-11-2024,800
Cohort#,BY0CCYV,1.72E+12,05-08-2024,1.73E+12,05-09-2024,100
Cohort#,BG9O2UX,1.74E+12,02-02-2025,1.74E+12,04-03-2025,800
Cohort#,B8L5EQI,1.68E+12,08-05-2023,1.69E+12,09-06-2023,300
Cohort#,B150516,1.68E+12,13-03-2023,1.68E+12,17-04-2023,200
Cohort#,BVMF66T,1.72E+12,02-07-2024,1.72E+12,05-08-2024,500
Cohort#,BGFRKIS,1.68E+12,10-04-2023,1.68E+12,13-05-2023,300
Cohort#,BTKOGC5,1.70E+12,04-01-2024,1.73E+12,03-12-2024,800
Cohort#,BTBZVC2,1.71E+12,04-02-2024,1.71E+12,05-03-2024,800
Cohort#,B48SJMP,1.73E+12,27-11-2024,1.73E+12,10-12-2024,500
Cohort#,B7CYMYC,1.69E+12,12-06-2023,1.69E+12,17-07-2023,300
Cohort#,BL9VE8I,1.73E+12,09-12-2024,1.75E+12,20-06-2025,1300
Cohort#,BRJ653N,1.74E+12,02-02-2025,1.74E+12,04-03-2025,800
Cohort#,BAKW09C,1.70E+12,21-12-2023,1.70E+12,26-12-2023,1000
Cohort#,B9PDMC4,1.73E+12,16-09-2024,1.73E+12,30-09-2024,1600
Cohort#,BI7BG3Y,1.73E+12,02-12-2024,1.74E+12,31-12-2024,800
Cohort#,BMQYY8T,1.71E+12,15-04-2024,1.72E+12,14-05-2024,500
Cohort#,B8CV4P1,1.68E+12,20-04-2023,1.69E+12,25-05-2023,200
Cohort#,BLHNUFL,1.73E+12,11-10-2024,1.73E+12,14-10-2024,1600
Cohort#,BQ1XMRD,1.70E+12,16-10-2023,1.70E+12,22-10-2023,30
Cohort#,B4XFYWN,1.72E+12,25-07-2024,1.72E+12,30-07-2024,500
Cohort#,B8I4KWL,1.72E+12,14-05-2024,1.72E+12,27-06-2024,1500
Cohort#,B0II05H,1.71E+12,04-02-2024,1.71E+12,05-03-2024,800
Cohort#,B6MZ4HK,1.71E+12,01-04-2024,1.74E+12,01-04-2025,1502
Cohort#,BNMJZUM,1.69E+12,05-06-2023,1.69E+12,03-07-2023,300
Cohort#,BCIM423,1.68E+12,10-04-2023,1.68E+12,13-05-2023,300
Cohort#,BGTN3BX,1.71E+12,18-03-2024,1.71E+12,16-04-2024,800
Cohort#,B2MDY10,1.73E+12,23-09-2024,1.73E+12,30-11-2024,1600
Cohort#,BYY7FAG,1.74E+12,15-01-2025,1.74E+12,07-02-2025,1500
Cohort#,BOXE2J1,1.73E+12,04-11-2024,1.73E+12,03-12-2024,800
Cohort#,BAJRMK1,1.71E+12,15-04-2024,1.72E+12,14-05-2024,500
Cohort#,BZZU6M0,1.74E+12,17-01-2025,1.74E+12,30-01-2025,500
Cohort#,BEXFE8O,1.72E+12,18-06-2024,1.75E+12,17-06-2025,1600
Cohort#,BP62DPQ,1.73E+12,09-12-2024,1.74E+12,31-01-2025,1300
Cohort#,BQFHE1J,1.70E+12,20-11-2023,1.70E+12,01-01-2024,1000
Cohort#,BB9HDR8,1.71E+12,21-01-2024,1.71E+12,20-02-2024,800
Cohort#,B261518,1.68E+12,13-03-2023,1.68E+12,17-04-2023,200
Cohort#,BITZSJS,1.71E+12,15-04-2024,1.72E+12,14-05-2024,500
Cohort#,BS2JWLL,1.72E+12,16-06-2024,1.72E+12,16-07-2024,800
Cohort#,B0KJRA2,1.73E+12,02-12-2024,1.74E+12,31-12-2024,800
Cohort#,BMSCD6J,1.71E+12,21-03-2024,1.72E+12,06-05-2024,1000
Cohort#,B26QMNY,1.74E+12,10-02-2025,1.74E+12,11-03-2025,800
Cohort#,B4LQ8LH,1.70E+12,01-11-2023,1.71E+12,15-01-2024,1000
Cohort#,BP5HG9S,1.72E+12,14-06-2024,1.72E+12,14-07-2024,25
Cohort#,B3X8GCC,1.69E+12,24-07-2023,1.69E+12,28-08-2023,300
Cohort#,BQC4AM7,1.69E+12,21-08-2023,1.70E+12,26-09-2023,10000
Cohort#,BQQX40N,1.74E+12,16-02-2025,1.74E+12,03-03-2025,1500
Cohort#,B72622M,1.73E+12,24-11-2024,1.74E+12,10-02-2025,700
Cohort#,B734087,1.68E+12,27-03-2023,1.68E+12,01-05-2023,200
Cohort#,BJQ380Q,1.74E+12,02-02-2025,1.74E+12,04-03-2025,800
Cohort#,BDEVUZU,1.74E+12,02-02-2025,1.74E+12,04-03-2025,800
Cohort#,BTTD3QZ,1.70E+12,02-10-2023,1.70E+12,06-11-2023,200
Cohort#,BLOALX6,1.69E+12,10-07-2023,1.69E+12,14-08-2023,300
Cohort#,BU6DOII,1.73E+12,01-09-2024,1.77E+12,06-12-2025,1000
Cohort#,BVW8Y4X,1.71E+12,21-01-2024,1.71E+12,20-02-2024,800
Cohort#,BTXP7NW,1.71E+12,18-03-2024,1.71E+12,16-04-2024,800
Cohort#,B33DICM,1.71E+12,05-05-2024,1.72E+12,06-06-2024,100
Cohort#,BD6IT06,1.72E+12,31-05-2024,1.77E+12,06-12-2025,1500
Cohort#,BS49BB4,1.68E+12,01-05-2023,1.69E+12,30-05-2023,300
Cohort#,BOQII0U,1.73E+12,23-09-2024,1.73E+12,30-11-2024,1600
Cohort#,BQIXM82,1.73E+12,07-10-2024,1.73E+12,07-11-2024,800
Cohort#,BXF2IY8,1.72E+12,05-08-2024,1.73E+12,04-09-2024,800
Cohort#,BIYM5IR,1.74E+12,02-02-2025,1.74E+12,04-03-2025,1200
Cohort#,B7WHFBD,1.68E+12,27-04-2023,1.68E+12,30-04-2023,300
Cohort#,BW2XBHQ,1.73E+12,08-12-2024,1.74E+12,01-01-2025,800
Cohort#,B07LIHS,1.72E+12,18-06-2024,1.72E+12,29-06-2024,1000
Cohort#,BUSC6H8,1.72E+12,05-08-2024,1.73E+12,04-09-2024,800
Cohort#,BACX1GY,1.69E+12,26-06-2023,1.69E+12,31-07-2023,300
Cohort#,BWG4138,1.68E+12,24-04-2023,1.69E+12,26-05-2023,300
Cohort#,B4O76J6,1.73E+12,13-12-2024,1.73E+12,22-12-2024,1000
Cohort#,BUO8Q9X,1.69E+12,21-08-2023,1.70E+12,26-09-2023,10000
Cohort#,B841045,1.68E+12,27-03-2023,1.68E+12,01-05-2023,200
Cohort#,BPB0OIZ,1.69E+12,05-06-2023,1.69E+12,03-07-2023,300
Cohort#,BVS6VWS,1.72E+12,07-06-2024,1.72E+12,07-07-2024,100
Cohort#,BO39C63,1.71E+12,05-02-2024,1.71E+12,06-02-2024,1000
Cohort#,BJBSRI3,1.69E+12,05-06-2023,1.69E+12,03-07-2023,300
Cohort#,BQJZYVP,1.71E+12,21-01-2024,1.71E+12,20-02-2024,800
Cohort#,B1DASF1,1.72E+12,19-06-2024,1.75E+12,19-06-2025,1500
Cohort#,B97MSB3,1.69E+12,19-06-2023,1.69E+12,17-07-2023,300
Cohort#,BIR2JUR,1.74E+12,10-02-2025,1.74E+12,11-03-2025,800
Cohort#,BB97YFK,1.71E+12,02-04-2024,1.71E+12,02-05-2024,100
Cohort#,BIAUDJJ,1.72E+12,05-08-2024,1.73E+12,05-09-2024,100
Cohort#,B0GJMMO,1.71E+12,03-03-2024,1.71E+12,02-04-2024,800
Cohort#,BXDQS3S,1.72E+12,05-08-2024,1.73E+12,04-09-2024,800
Cohort#,BL5S9LV,1.71E+12,18-03-2024,1.71E+12,16-04-2024,800
Cohort#,B7BAEWI,1.73E+12,14-11-2024,1.73E+12,07-12-2024,500
Cohort#,BI69IH9,1.71E+12,21-01-2024,1.71E+12,20-02-2024,800
Cohort#,B4PJ6ZT,1.69E+12,10-07-2023,1.69E+12,14-08-2023,300
Cohort#,BYCJ33N,1.71E+12,03-03-2024,1.71E+12,02-04-2024,800
Cohort#,B74N6BM,1.71E+12,18-02-2024,1.71E+12,19-03-2024,800
Cohort#,BUSG4R0,1.69E+12,19-06-2023,1.69E+12,17-07-2023,300
Cohort#,BADA9MM,1.71E+12,07-04-2024,1.72E+12,07-05-2024,500
Cohort#,BQTXKUQ,1.73E+12,07-10-2024,1.73E+12,10-11-2024,1600
Cohort#,BOF4HP9,1.69E+12,21-08-2023,1.70E+12,26-09-2023,10000
Cohort#,BJIVW3L,1.73E+12,10-11-2024,1.74E+12,17-01-2025,1500
Cohort#,B2M34G3,1.73E+12,25-11-2024,1.73E+12,09-12-2024,700
Cohort#,BV5GS7J,1.74E+12,01-02-2025,1.74E+12,06-02-2025,200
Cohort#,BTNKXU9,1.68E+12,08-05-2023,1.69E+12,09-06-2023,300
Cohort#,BSD3QDT,1.74E+12,11-03-2025,1.74E+12,08-04-2025,1500
Cohort#,BBA6UHM,1.68E+12,24-04-2023,1.69E+12,26-05-2023,300
Cohort#,BD7NNBQ,1.74E+12,02-02-2025,1.74E+12,04-03-2025,800
Cohort#,BDIOWC4,1.74E+12,09-01-2025,1.74E+12,24-01-2025,10
Cohort#,BS9805Y,1.73E+12,09-12-2024,1.74E+12,15-01-2025,1300
Cohort#,BV8XKJR,1.74E+12,06-04-2025,1.75E+12,08-05-2025,800
Cohort#,B1O0AX6,1.72E+12,05-08-2024,1.73E+12,31-10-2024,1600
Cohort#,BUUQ9HZ,1.69E+12,26-06-2023,1.69E+12,31-07-2023,300
Cohort#,BFPW1YC,1.68E+12,01-05-2023,1.69E+12,30-05-2023,300
Cohort#,B3O2AY2,1.71E+12,17-02-2024,1.71E+12,22-02-2024,1000
Cohort#,B659335,1.68E+12,20-02-2023,1.68E+12,20-03-2023,200
Cohort#,BAWG384,1.72E+12,21-07-2024,1.72E+12,21-08-2024,1395
Cohort#,BF9VTA5,1.72E+12,05-08-2024,1.73E+12,04-09-2024,800
Cohort#,B51IYJF,1.73E+12,02-12-2024,1.74E+12,31-12-2024,800
Cohort#,BY5Z7YQ,1.68E+12,10-04-2023,1.68E+12,13-05-2023,300
Cohort#,BEHIKVZ,1.70E+12,04-01-2024,1.73E+12,01-10-2024,800
Cohort#,B60TR6Y,1.71E+12,15-04-2024,1.72E+12,14-05-2024,500
Cohort#,BO06LY4,1.74E+12,05-01-2025,1.74E+12,04-02-2025,800
Cohort#,B6Z7K8X,1.69E+12,12-06-2023,1.69E+12,17-07-2023,300
Cohort#,BEOGTUI,1.70E+12,01-01-2024,1.71E+12,31-01-2024,200
Cohort#,BR5GA5Y,1.71E+12,18-03-2024,1.71E+12,16-04-2024,800
Cohort#,BEM71LO,1.72E+12,31-07-2024,1.73E+12,31-08-2024,500
Cohort#,B22Z4M7,1.69E+12,16-06-2023,1.70E+12,31-12-2023,100
Cohort#,B6H6CS1,1.70E+12,08-01-2024,1.71E+12,11-02-2024,1000
Cohort#,BR8OSQT,1.69E+12,19-06-2023,1.69E+12,17-07-2023,300
Cohort#,BCP6U4P,1.73E+12,02-09-2024,1.73E+12,01-10-2024,800
Cohort#,BKD8OXN,1.71E+12,04-02-2024,1.71E+12,05-03-2024,800
Cohort#,B9E9MLX,1.71E+12,18-02-2024,1.71E+12,19-03-2024,800
Cohort#,BC2OP4Y,1.68E+12,20-03-2023,1.68E+12,01-05-2023,300
Cohort#,BFGIBZC,1.73E+12,10-10-2024,1.73E+12,06-11-2024,1600
Cohort#,B160135,1.68E+12,06-02-2023,1.68E+12,06-03-2023,200
Cohort#,BXJ4ZY8,1.73E+12,27-11-2024,1.73E+12,11-12-2024,600
Cohort#,BMLXYJT,1.69E+12,05-06-2023,1.69E+12,03-07-2023,300
Cohort#,BFEIDK3,1.72E+12,24-07-2024,1.72E+12,10-08-2024,500
Cohort#,BU93GJC,1.73E+12,02-12-2024,1.74E+12,31-12-2024,800
Cohort#,BC66O1N,1.73E+12,25-11-2024,1.73E+12,10-12-2024,500
Cohort#,BGR2926,1.71E+12,28-01-2024,1.71E+12,14-03-2024,1000
Cohort#,BJJA15D,1.68E+12,25-05-2023,1.69E+12,30-06-2023,300
Cohort#,BTDSIU4,1.73E+12,23-09-2024,1.73E+12,22-10-2024,1600
Cohort#,BZLDX4E,1.73E+12,13-12-2024,1.74E+12,02-01-2025,1600
Cohort#,B2Q91E2,1.68E+12,16-03-2023,1.68E+12,19-03-2023,250
Cohort#,BXGIU7A,1.70E+12,12-10-2023,1.70E+12,16-10-2023,1000
Cohort#,BKL3BTG,1.71E+12,05-05-2024,1.72E+12,06-06-2024,100
Cohort#,B9F5G0T,1.72E+12,30-06-2024,1.72E+12,01-08-2024,100
Cohort#,B27U4C3,1.69E+12,03-07-2023,1.69E+12,05-08-2023,300
Cohort#,BK9J9BS,1.73E+12,09-12-2024,1.74E+12,06-01-2025,800
Cohort#,BJFTWIA,1.68E+12,24-04-2023,1.69E+12,26-05-2023,300
Cohort#,BS65895,1.74E+12,05-01-2025,1.74E+12,04-02-2025,800
Cohort#,BOLWI0I,1.73E+12,09-12-2024,1.74E+12,15-01-2025,1296
Cohort#,BI4KVBL,1.71E+12,04-02-2024,1.71E+12,05-03-2024,800
Cohort#,BQWV3G7,1.69E+12,05-06-2023,1.69E+12,07-07-2023,300
Cohort#,BWWZOLU,1.72E+12,28-07-2024,1.73E+12,06-10-2024,1500
Cohort#,B526238,1.68E+12,20-02-2023,1.68E+12,20-03-2023,200
Cohort#,BUUQU7A,1.69E+12,10-07-2023,1.69E+12,11-08-2023,400
Cohort#,BEA7EBK,1.71E+12,18-03-2024,1.71E+12,16-04-2024,800
Cohort#,BKXI39Q,1.73E+12,18-11-2024,1.73E+12,18-12-2024,1600
Cohort#,BTPOSXL,1.71E+12,04-02-2024,1.71E+12,05-03-2024,800
Cohort#,BZ2Z400,1.71E+12,04-02-2024,1.71E+12,05-03-2024,800
Cohort#,B9JDHPE,1.73E+12,31-10-2024,1.73E+12,20-11-2024,1500
Cohort#,BGHT2K9,1.72E+12,13-06-2024,1.72E+12,30-06-2024,1500
Cohort#,BIYJ7BT,1.71E+12,21-01-2024,1.71E+12,20-02-2024,800
Cohort#,B532142,1.68E+12,20-02-2023,1.68E+12,20-03-2023,200
Cohort#,BZNN87C,1.69E+12,24-07-2023,1.69E+12,28-08-2023,1000
Cohort#,BLATKTK,1.69E+12,07-08-2023,1.69E+12,11-09-2023,10000
Cohort#,BQ51JUF,1.73E+12,01-09-2024,1.73E+12,10-11-2024,1600
Cohort#,BRG4BZF,1.71E+12,15-02-2024,1.72E+12,06-05-2024,1000
Cohort#,B55GW2E,1.70E+12,08-01-2024,1.71E+12,05-02-2024,1000
Cohort#,BMP20XA,1.71E+12,18-03-2024,1.71E+12,16-04-2024,800
Cohort#,B83GPL4,1.68E+12,25-05-2023,1.69E+12,30-06-2023,300
Cohort#,B8MGXSI,1.72E+12,05-08-2024,1.73E+12,04-09-2024,800
Cohort#,BPW3254,1.68E+12,10-04-2023,1.68E+12,13-05-2023,300
Cohort#,B99NV2U,1.70E+12,04-12-2023,1.70E+12,07-01-2024,1000
Cohort#,BL4ZLQZ,1.72E+12,28-08-2024,1.73E+12,06-09-2024,1600
Cohort#,BICX8CC,1.71E+12,21-01-2024,1.71E+12,20-02-2024,800
Cohort#,BFSDT2G,1.73E+12,18-11-2024,1.73E+12,18-12-2024,500
Cohort#,BZHHWCB,1.74E+12,05-01-2025,1.74E+12,04-02-2025,800
Cohort#,BRM5R3P,1.72E+12,05-08-2024,1.73E+12,04-09-2024,800
Cohort#,BKLWRYC,1.73E+12,04-11-2024,1.74E+12,31-01-2025,1600
Cohort#,BWWT3P8,1.68E+12,01-05-2023,1.69E+12,03-06-2023,300
Cohort#,BDIHYCF,1.71E+12,18-02-2024,1.71E+12,19-03-2024,800
Cohort#,BM8CLZY,1.68E+12,25-05-2023,1.69E+12,30-06-2023,300
Cohort#,BY9NLFN,1.70E+12,25-09-2023,1.70E+12,03-11-2023,1000
Cohort#,B009549,1.68E+12,27-03-2023,1.68E+12,01-05-2023,200
Cohort#,BZVFZRS,1.72E+12,16-06-2024,1.72E+12,16-07-2024,800
Cohort#,BAYJADF,1.71E+12,21-01-2024,1.71E+12,20-02-2024,800
Cohort#,BIW17JM,1.71E+12,21-01-2024,1.71E+12,20-02-2024,800
Cohort#,BAE60JA,1.71E+12,07-04-2024,1.72E+12,07-05-2024,500
Cohort#,BB8ZI2M,1.73E+12,02-12-2024,1.74E+12,31-12-2024,800
Cohort#,B7TZEMY,1.71E+12,04-02-2024,1.71E+12,05-03-2024,800
Cohort#,BOLAJ70,1.71E+12,03-03-2024,1.71E+12,02-04-2024,800
Cohort#,B7M9P1R,1.74E+12,17-01-2025,1.74E+12,31-01-2025,1000
Cohort#,B1C7KLP,1.71E+12,18-03-2024,1.71E+12,16-04-2024,800
Cohort#,B9H2B5Q,1.73E+12,02-09-2024,1.73E+12,01-10-2024,800
Cohort#,B778ZMG,1.68E+12,08-05-2023,1.69E+12,09-06-2023,300
Cohort#,B411730,1.68E+12,27-03-2023,1.68E+12,01-05-2023,200
Cohort#,BWUXRWH,1.70E+12,04-01-2024,1.71E+12,02-02-2024,200
Cohort#,B7R4VYL,1.75E+12,04-05-2025,1.75E+12,03-06-2025,800
Cohort#,B342840,1.68E+12,20-02-2023,1.68E+12,20-03-2023,200
Cohort#,BEWYOA3,1.72E+12,05-08-2024,1.73E+12,04-09-2024,800
Cohort#,BYGCUSI,1.73E+12,19-11-2024,1.73E+12,19-12-2024,500
Cohort#,BL9RHVN,1.69E+12,10-07-2023,1.69E+12,14-08-2023,300
Cohort#,BKYPENW,1.69E+12,07-08-2023,1.69E+12,11-09-2023,10000
Cohort#,B1GZ9O4,1.73E+12,02-09-2024,1.73E+12,01-10-2024,800
Cohort#,BPFAG7E,1.69E+12,28-06-2023,1.69E+12,30-06-2023,400
Cohort#,BLPA21J,1.73E+12,02-09-2024,1.73E+12,01-10-2024,800
Cohort#,BXGJQ4K,1.72E+12,01-07-2024,1.72E+12,02-07-2024,1000
Cohort#,BFKBEGY,1.73E+12,29-11-2024,1.74E+12,30-12-2024,1500
Cohort#,BDFNVKG,1.74E+12,05-01-2025,1.74E+12,04-02-2025,800
Cohort#,BE7X8PZ,1.73E+12,24-11-2024,1.74E+12,30-01-2025,1500
Cohort#,BHOGB9U,1.68E+12,08-05-2023,1.69E+12,09-06-2023,300
Cohort#,BO30ZFX,1.72E+12,30-06-2024,1.72E+12,01-08-2024,100
Cohort#,B8GA8LI,1.73E+12,04-11-2024,1.73E+12,03-12-2024,800
Cohort#,BZ0UFZ0,1.72E+12,10-07-2024,1.72E+12,31-07-2024,100
Cohort#,BFGEIG3,1.68E+12,24-04-2023,1.69E+12,26-05-2023,300
Cohort#,BCFL1UV,1.74E+12,13-01-2025,1.74E+12,11-02-2025,800
Cohort#,B610795,1.68E+12,20-02-2023,1.68E+12,20-03-2023,200
Cohort#,B7ZEL3I,1.69E+12,05-07-2023,1.69E+12,05-08-2023,300
Cohort#,BQP7JTZ,1.69E+12,05-06-2023,1.69E+12,03-07-2023,300
Cohort#,BZAXUO0,1.73E+12,04-11-2024,1.73E+12,03-12-2024,800
Cohort#,BNQ8EX5,1.71E+12,15-04-2024,1.72E+12,14-05-2024,500
Cohort#,BBSWRE6,1.73E+12,23-09-2024,1.73E+12,29-11-2024,1600
Cohort#,BVD9KOU,1.69E+12,29-08-2023,1.69E+12,01-09-2023,1000
Cohort#,BPJSBKI,1.74E+12,05-02-2025,1.74E+12,26-02-2025,500
Cohort#,BP9ZV19,1.74E+12,10-02-2025,1.74E+12,23-02-2025,1700
Cohort#,BVUVO6T,1.74E+12,07-01-2025,1.74E+12,31-01-2025,500
Cohort#,BV7KX3M,1.69E+12,16-06-2023,1.70E+12,31-12-2023,1000
Cohort#,B2BTM6W,1.69E+12,07-06-2023,1.69E+12,22-06-2023,33
Cohort#,B7EO9M2,1.74E+12,05-01-2025,1.74E+12,04-02-2025,800
Cohort#,BDSDCKJ,1.74E+12,14-01-2025,1.74E+12,03-02-2025,500
Cohort#,B914746,1.68E+12,07-03-2023,1.68E+12,04-04-2023,1500
Cohort#,BIT7F56,1.74E+12,06-02-2025,1.74E+12,06-02-2025,400
Cohort#,BVU976G,1.69E+12,12-06-2023,1.69E+12,17-07-2023,300
Cohort#,B3FIWSL,1.72E+12,05-08-2024,1.73E+12,04-09-2024,800
Cohort#,B5T6UF3,1.73E+12,12-09-2024,1.73E+12,11-10-2024,500
Cohort#,B46DBXG,1.71E+12,15-04-2024,1.72E+12,14-05-2024,500
Cohort#,BHB4AON,1.73E+12,04-11-2024,1.73E+12,03-12-2024,800
Cohort#,BCP25HA,1.74E+12,05-01-2025,1.74E+12,04-02-2025,800
Cohort#,B5YY6L7,1.70E+12,05-01-2024,1.70E+12,09-01-2024,1000
Cohort#,BME47JM,1.73E+12,29-11-2024,1.74E+12,30-12-2024,1500
Cohort#,BP6VD9E,1.71E+12,07-04-2024,1.72E+12,07-05-2024,500
Cohort#,BND8MG4,1.74E+12,11-01-2025,1.74E+12,20-01-2025,1500
Cohort#,B642RSJ,1.71E+12,18-02-2024,1.71E+12,19-03-2024,800
Cohort#,BGNV2JK,1.74E+12,02-02-2025,1.74E+12,04-03-2025,800
Cohort#,BLQL34M,1.71E+12,29-01-2024,1.71E+12,02-02-2024,1000
Cohort#,B5SD5PP,1.72E+12,16-06-2024,1.72E+12,16-07-2024,800
Cohort#,BEMC4AS,1.73E+12,27-11-2024,1.73E+12,11-12-2024,500
Cohort#,BD1ADSC,1.69E+12,14-08-2023,1.69E+12,16-09-2023,400
Cohort#,BBEJUKS,1.69E+12,05-06-2023,1.71E+12,03-05-2024,100
Cohort#,BT4YTCR,1.72E+12,10-05-2024,1.75E+12,09-05-2025,1550
Cohort#,B022097,1.68E+12,06-02-2023,1.68E+12,06-03-2023,200
Cohort#,B9A9CKD,1.69E+12,05-07-2023,1.69E+12,05-08-2023,300
Cohort#,BOU3B1C,1.69E+12,05-07-2023,1.69E+12,05-08-2023,300
Cohort#,BTNEOHG,1.68E+12,25-05-2023,1.69E+12,30-06-2023,300
Cohort#,BLRE7F3,1.74E+12,17-01-2025,1.74E+12,31-01-2025,500
Cohort#,BRHGPWW,1.71E+12,15-04-2024,1.72E+12,14-05-2024,500
Cohort#,BKQTD62,1.74E+12,03-02-2025,1.74E+12,05-02-2025,1000
Cohort#,BGWZVZK,1.72E+12,22-06-2024,1.72E+12,19-08-2024,100
Cohort#,BLCA83W,1.68E+12,06-03-2023,1.68E+12,03-04-2023,200
Cohort#,BSS2JV0,1.73E+12,08-12-2024,1.74E+12,01-01-2025,800
Cohort#,BOMTXL2,1.71E+12,03-03-2024,1.71E+12,02-04-2024,800
Cohort#,B7WUCH2,1.71E+12,03-03-2024,1.71E+12,02-04-2024,800
Cohort#,BFEG6ER,1.73E+12,22-11-2024,1.73E+12,06-12-2024,1600
Cohort#,BKF5HSH,1.72E+12,19-06-2024,1.75E+12,18-06-2025,1500
Cohort#,B0MOCUQ,1.70E+12,04-01-2024,1.73E+12,04-09-2024,800
Cohort#,B0I9OJ5,1.73E+12,01-11-2024,1.77E+12,06-12-2025,1000
Cohort#,BSU5UUI,1.71E+12,18-03-2024,1.71E+12,16-04-2024,800
Cohort#,B395075,1.68E+12,27-03-2023,1.68E+12,01-05-2023,200
Cohort#,BNMDI03,1.71E+12,07-04-2024,1.72E+12,07-05-2024,500
Cohort#,BSOBBC4,1.68E+12,24-04-2023,1.69E+12,26-05-2023,300
Cohort#,BQMAS29,1.68E+12,01-05-2023,1.69E+12,30-05-2023,300
Cohort#,BUA3QIQ,1.69E+12,19-06-2023,1.69E+12,17-07-2023,300
Cohort#,BPTJ76W,1.73E+12,16-09-2024,1.73E+12,30-09-2024,1600
Cohort#,BKXA704,1.71E+12,28-01-2024,1.77E+12,24-12-2025,1113
Cohort#,BVQO1WV,1.74E+12,14-01-2025,1.74E+12,03-02-2025,500
Cohort#,BKXMJSB,1.71E+12,18-02-2024,1.71E+12,19-03-2024,800
Cohort#,B44M6XI,1.75E+12,04-05-2025,1.75E+12,03-06-2025,800
Cohort#,BQH2HGO,1.72E+12,30-06-2024,1.72E+12,30-07-2024,800
Cohort#,B2Y7ISP,1.74E+12,06-02-2025,1.74E+12,28-02-2025,1500
Cohort#,BKB1X4V,1.69E+12,12-06-2023,1.69E+12,17-07-2023,300
Cohort#,BL72QAF,1.71E+12,18-03-2024,1.71E+12,16-04-2024,800
Cohort#,BRODREC,1.69E+12,10-07-2023,1.69E+12,14-08-2023,300
Cohort#,BYZZO85,1.74E+12,05-01-2025,1.74E+12,04-02-2025,800
Cohort#,BN3YXNK,1.72E+12,19-08-2024,1.73E+12,20-09-2024,1600
Cohort#,BL3QSPA,1.71E+12,03-05-2024,1.72E+12,12-05-2024,1500
Cohort#,BT23K6F,1.68E+12,01-05-2023,1.69E+12,30-05-2023,300
Cohort#,BXNSMSM,1.73E+12,04-11-2024,1.73E+12,03-12-2024,800
Cohort#,BU24P84,1.69E+12,07-08-2023,1.69E+12,11-09-2023,10000
Cohort#,BSPNPP3,1.68E+12,10-04-2023,1.68E+12,08-05-2023,200
Cohort#,B1NTVT9,1.73E+12,04-11-2024,1.73E+12,03-12-2024,800
Cohort#,BWWK6YI,1.70E+12,08-01-2024,1.71E+12,05-02-2024,1000
Cohort#,BGVPYU2,1.69E+12,05-06-2023,1.69E+12,03-07-2023,300
Cohort#,BI2WCL3,1.70E+12,12-12-2023,1.71E+12,12-01-2024,500
Cohort#,BD7WVL3,1.71E+12,18-02-2024,1.71E+12,19-03-2024,800
Cohort#,BMYSZAZ,1.73E+12,02-12-2024,1.74E+12,31-12-2024,800
Cohort#,B881023,1.68E+12,13-03-2023,1.68E+12,17-04-2023,200
Cohort#,B33R57T,1.70E+12,04-12-2023,1.70E+12,08-01-2024,212
Cohort#,B486040,1.68E+12,06-02-2023,1.68E+12,12-03-2023,200
Cohort#,BK96S4M,1.73E+12,09-12-2024,1.74E+12,23-02-2025,1600
Cohort#,BG6CMTT,1.72E+12,25-08-2024,1.73E+12,28-10-2024,1600
Cohort#,B6WO05F,1.71E+12,18-02-2024,1.71E+12,19-03-2024,800
Cohort#,BVNM15F,1.75E+12,07-05-2025,1.75E+12,23-05-2025,1500
Cohort#,BVKPKEH,1.70E+12,08-01-2024,1.71E+12,11-02-2024,1000
Cohort#,BNSP54B,1.69E+12,05-07-2023,1.69E+12,05-08-2023,300
Cohort#,B5CQM8K,1.73E+12,02-12-2024,1.74E+12,31-12-2024,800
Cohort#,BI7GDGX,1.69E+12,05-07-2023,1.69E+12,05-08-2023,300
Cohort#,BUHXBPD,1.69E+12,07-08-2023,1.69E+12,11-09-2023,10000
Cohort#,B8S9168,1.73E+12,13-10-2024,1.73E+12,12-11-2024,1600
Cohort#,BFRGKB7,1.69E+12,24-07-2023,1.69E+12,28-08-2023,1000
Cohort#,BX2UIX8,1.71E+12,18-02-2024,1.71E+12,19-03-2024,800
Cohort#,BTAOO02,1.69E+12,26-06-2023,1.69E+12,31-07-2023,300
Cohort#,BF4BFUA,1.71E+12,08-03-2024,1.71E+12,15-03-2024,1000
Cohort#,B4NO09U,1.70E+12,08-01-2024,1.71E+12,05-02-2024,1000
Cohort#,B7FER17,1.69E+12,07-08-2023,1.69E+12,11-09-2023,100000
Cohort#,B6HJVQ9,1.73E+12,07-10-2024,1.73E+12,15-12-2024,1600
Cohort#,BBRLB06,1.72E+12,30-06-2024,1.72E+12,30-07-2024,800
Cohort#,BYDJL4V,1.72E+12,16-06-2024,1.72E+12,16-07-2024,800
Cohort#,BC29CM9,1.71E+12,21-01-2024,1.71E+12,20-02-2024,800
Cohort#,B8XH6YX,1.68E+12,01-05-2023,1.69E+12,30-05-2023,300
Cohort#,BSAEM4Q,1.71E+12,04-02-2024,1.71E+12,05-03-2024,800
Cohort#,BR3L6KU,1.69E+12,24-07-2023,1.69E+12,28-08-2023,1000
Cohort#,BXOMKWW,1.68E+12,08-05-2023,1.69E+12,09-06-2023,300
Cohort#,BWMC051,1.73E+12,02-09-2024,1.73E+12,01-10-2024,800
Cohort#,B937447,1.68E+12,06-02-2023,1.68E+12,06-03-2023,200
Cohort#,BB4O7C5,1.72E+12,04-08-2024,1.73E+12,04-09-2024,800
Cohort#,BUO3NWZ,1.71E+12,01-04-2024,1.74E+12,02-04-2025,1800
Cohort#,B7SC3G0,1.69E+12,24-06-2023,1.71E+12,30-01-2024,1000
Cohort#,B5E6CQM,1.73E+12,31-10-2024,1.73E+12,15-11-2024,1500
Cohort#,BHMT70S,1.73E+12,02-09-2024,1.73E+12,01-10-2024,800
Cohort#,BX3WL7Q,1.74E+12,16-03-2025,1.75E+12,21-04-2025,1800
Cohort#,BOFM6B0,1.71E+12,07-04-2024,1.72E+12,07-05-2024,500
Cohort#,BHWXIFK,1.70E+12,04-12-2023,1.70E+12,07-01-2024,1000
Cohort#,BQ7DPNA,1.71E+12,21-01-2024,1.71E+12,20-02-2024,800
Cohort#,BSQOBO9,1.73E+12,16-12-2024,1.74E+12,02-01-2025,1600
Cohort#,B044U2W,1.72E+12,12-08-2024,1.73E+12,12-09-2024,500
Cohort#,BX4GLD5,1.68E+12,10-04-2023,1.68E+12,13-05-2023,300
Cohort#,B2MZLBI,1.68E+12,06-05-2023,1.72E+12,27-06-2024,1000
Cohort#,BRMGCCZ,1.73E+12,11-10-2024,1.73E+12,06-11-2024,1600
Cohort#,BIORANF,1.69E+12,17-07-2023,1.69E+12,18-08-2023,450
Cohort#,BS3IQ0S,1.71E+12,07-04-2024,1.72E+12,07-05-2024,500
Cohort#,BL7CZ2R,1.69E+12,24-07-2023,1.69E+12,30-08-2023,200
Cohort#,B422062,1.68E+12,06-02-2023,1.68E+12,06-03-2023,200
Cohort#,BUPJ1AQ,1.69E+12,04-09-2023,1.70E+12,03-11-2023,1000
Cohort#,BY3OW6Q,1.71E+12,03-03-2024,1.71E+12,02-04-2024,800
Cohort#,BMB6P05,1.70E+12,04-12-2023,1.70E+12,08-01-2024,210
Cohort#,BO2R5FJ,1.73E+12,10-11-2024,1.74E+12,31-01-2025,1600
Cohort#,B63POII,1.69E+12,26-06-2023,1.69E+12,31-07-2023,300
Cohort#,BRDTHL0,1.70E+12,04-12-2023,1.70E+12,07-01-2024,1000
Cohort#,BMN4PLX,1.74E+12,16-01-2025,1.74E+12,31-01-2025,950
Cohort#,BG1EWQJ,1.71E+12,07-04-2024,1.72E+12,07-05-2024,500
Cohort#,B6SLHRQ,1.73E+12,25-10-2024,1.73E+12,07-11-2024,1600
Cohort#,BLXROZX,1.69E+12,24-07-2023,1.69E+12,28-08-2023,1000
Cohort#,B4ZA0FL,1.72E+12,03-07-2024,1.72E+12,16-07-2024,700
Cohort#,B4IO744,1.70E+12,08-01-2024,1.71E+12,11-02-2024,1000
Cohort#,BHLDE42,1.68E+12,20-05-2023,1.69E+12,25-06-2023,200
Cohort#,B456456,1.68E+12,07-03-2023,1.68E+12,04-04-2023,1500
Cohort#,B705367,1.68E+12,31-01-2023,1.68E+12,05-03-2023,1500
Cohort#,B671711,1.68E+12,03-04-2023,1.68E+12,01-05-2023,1500
Cohort#,BXIMZ0X,1.74E+12,02-02-2025,1.74E+12,04-03-2025,1200
Cohort#,B4XA1I3,1.74E+12,23-03-2025,1.75E+12,28-04-2025,1800
Cohort#,BDDR74V,1.74E+12,06-04-2025,1.75E+12,08-05-2025,800
Cohort#,B442572,1.68E+12,03-04-2023,1.68E+12,01-05-2023,1500
Cohort#,B765871,1.68E+12,31-01-2023,1.68E+12,05-03-2023,1500
Cohort#,B789736,1.67E+12,10-01-2023,1.67E+12,10-01-2023,40
Cohort#,B395238,1.68E+12,07-03-2023,1.68E+12,04-04-2023,1500
Cohort#,BOQ24ZG,1.74E+12,12-01-2025,1.74E+12,13-03-2025,1500
Cohort#,BSEV9QO,1.72E+12,27-05-2024,1.75E+12,28-05-2025,1730
Cohort#,B7KP64R,1.75E+12,04-05-2025,1.75E+12,03-06-2025,800
Cohort#,B6R9JVJ,1.74E+12,03-03-2025,1.74E+12,01-04-2025,800
Cohort#,BEPUGN5,1.74E+12,06-04-2025,1.75E+12,08-05-2025,800
Cohort#,B5RX7YO,1.74E+12,03-03-2025,1.74E+12,01-04-2025,1500
Cohort#,B6U8KTZ,1.73E+12,07-10-2024,1.76E+12,30-09-2025,1600
Cohort#,B8NALTQ,1.74E+12,13-03-2025,1.74E+12,31-03-2025,1800
Cohort#,BZG6H77,1.74E+12,24-02-2025,1.74E+12,24-03-2025,1800
Cohort#,BWHWICD,1.74E+12,10-04-2025,1.75E+12,08-05-2025,1500
Cohort#,B4IA5YX,1.74E+12,03-03-2025,1.74E+12,01-04-2025,800
Cohort#,BDKDJPI,1.74E+12,10-02-2025,1.74E+12,10-03-2025,1500
Cohort#,BT0YWFT,1.74E+12,03-03-2025,1.74E+12,01-04-2025,800
Cohort#,BMV2RDY,1.74E+12,12-03-2025,1.75E+12,09-05-2025,1800
Cohort#,BVHPNLI,1.74E+12,10-01-2025,1.74E+12,10-03-2025,1500
Cohort#,BHCQH7Y,1.75E+12,04-05-2025,1.75E+12,03-06-2025,800
Cohort#,BLERFAH,1.74E+12,07-03-2025,1.74E+12,21-03-2025,1500
Cohort#,BG3G48P,1.72E+12,20-06-2024,1.75E+12,21-06-2025,1500
Cohort#,BO7K5LF,1.72E+12,19-08-2024,1.76E+12,19-08-2025,1600
Cohort#,BR5D6O2,1.74E+12,03-03-2025,1.74E+12,01-04-2025,800
Cohort#,B6YPZ5W,1.75E+12,04-05-2025,1.75E+12,03-06-2025,800
Cohort#,BA2QMIG,1.75E+12,04-05-2025,1.75E+12,03-06-2025,800
Cohort#,BWAG78I,1.73E+12,18-10-2024,1.76E+12,18-10-2025,1580
Cohort#,BCZMSOQ,1.74E+12,03-03-2025,1.74E+12,01-04-2025,800
Cohort#,B0ZI1Q1,1.74E+12,06-04-2025,1.75E+12,08-05-2025,800
Cohort#,BRO4MKL,1.75E+12,04-05-2025,1.75E+12,03-06-2025,800
Cohort#,B3FQ6TC,1.74E+12,15-01-2025,1.77E+12,29-12-2025,1600
Cohort#,B5OAZVQ,1.74E+12,06-04-2025,1.75E+12,08-05-2025,800
Cohort#,BFIHXUE,1.74E+12,06-04-2025,1.75E+12,08-05-2025,800
Cohort#,BJ77HPJ,1.74E+12,06-02-2025,1.74E+12,06-04-2025,1502
Cohort#,BC69M2K,1.73E+12,22-12-2024,1.77E+12,23-12-2025,1500
Cohort#,B7PFXPN,1.72E+12,28-07-2024,1.75E+12,26-07-2025,1600
Cohort#,BLETLXU,1.74E+12,03-03-2025,1.74E+12,01-04-2025,800
Cohort#,BTTMJB6,1.74E+12,03-03-2025,1.74E+12,01-04-2025,800
Cohort#,B7OKQMF,1.74E+12,09-03-2025,1.75E+12,09-05-2025,1800
Cohort#,BI3NZA2,1.74E+12,14-04-2025,1.75E+12,13-05-2025,800
Cohort#,BJZ6HXM,1.73E+12,22-11-2024,1.76E+12,22-11-2025,1500
Cohort#,BVVGVSN,1.74E+12,10-03-2025,1.77E+12,06-03-2026,1800
Cohort#,BLJK6ZC,1.74E+12,26-01-2025,1.77E+12,15-01-2026,1500
Cohort#,BP52NMZ,1.75E+12,02-05-2025,1.75E+12,02-07-2025,1202
Cohort#,BJ4QC69,1.74E+12,02-03-2025,1.74E+12,26-03-2025,1200
Cohort#,B3RI09Y,1.75E+12,12-05-2025,1.75E+12,10-06-2025,800
Cohort#,BLUOD7N,1.74E+12,17-03-2025,1.74E+12,15-04-2025,800
Cohort#,BSM8YXB,1.74E+12,19-01-2025,1.77E+12,20-01-2026,1500
Cohort#,B2KFG9C,1.74E+12,06-04-2025,1.75E+12,08-05-2025,800
Cohort#,B5QVJB6,1.74E+12,17-03-2025,1.74E+12,15-04-2025,800
Cohort#,BYDCIHI,1.74E+12,10-02-2025,1.74E+12,11-03-2025,800
Cohort#,BKQ0JI1,1.75E+12,12-05-2025,1.75E+12,10-06-2025,800
Cohort#,BZF0RQK,1.74E+12,14-04-2025,1.75E+12,13-05-2025,800
Cohort#,BX5D2L8,1.74E+12,06-04-2025,1.75E+12,08-05-2025,800
Cohort#,BR77C8S,1.74E+12,14-04-2025,1.75E+12,13-05-2025,800
Cohort#,BJ5DUT8,1.75E+12,04-05-2025,1.75E+12,03-06-2025,800
Cohort#,B1Z43A9,1.74E+12,13-04-2025,1.75E+12,07-06-2025,1500
Cohort#,BX9N6FW,1.74E+12,01-04-2025,1.75E+12,23-04-2025,1500
Cohort#,BM81DEC,1.74E+12,06-01-2025,1.76E+12,22-09-2025,1600
Cohort#,BK4VONV,1.74E+12,17-03-2025,1.74E+12,15-04-2025,800
Cohort#,BDFSXJ0,1.75E+12,07-08-2025,1.76E+12,07-10-2025,1500
Cohort#,BLD0LQ9,1.75E+12,12-05-2025,1.75E+12,10-06-2025,800
